time,RIV1-3-1,RIV1-4-2,RIV1-5-3
1.000000000000,0.000000000,-514.0452211,-236.8355624
